,actor loss,critic loss
0,5475.141819541172,864529453.8328205
